334.4463212,0.00507,0.002360954,0.002129837
334.4522798,0.00546,0.002664626,0.002310524
334.4582383,0.00588,0.002913175,0.002486666
334.4641969,0.00425,0.003103675,0.002655846
334.4701554,0.00354,0.003245525,0.002815777
334.476114,0.00163,0.00335772,0.00296436
334.4820725,0.00361,0.003463452,0.00309973
334.4880311,0.00185,0.003583515,0.003220311
334.4939896,0.00195,0.003730261,0.003324853
334.4999482,0.00321,0.003903621,0.003412485
334.5059067,0.00431,0.004090178,0.003482742
334.5118653,0.00448,0.004265507,0.00353561
334.5178238,0.00429,0.004399363,0.003571536
334.5237824,0.00588,0.00446264,0.003591449
334.5297409,0.00682,0.004434579,0.00359674
334.5356995,0.00847,0.004308511,0.003589235
334.541658,0.00731,0.004094602,0.003571138
334.5476166,0.00328,0.003818706,0.003544954
334.5535751,0.0021,0.003517451,0.003513394
334.5595337,0.000591437,0.003230741,0.003479261
334.5654922,0.000782754,0.00299362,0.003445333
334.5714508,0.000605837,0.002829599,0.003414252
334.5774093,0.00211,0.002747082,0.003388414
334.5833679,0.00229,0.002739545,0.00336988
334.5893264,0.00264,0.002789102,0.003360317
334.595285,0.00293,0.002872262,0.003360954
334.6012435,0.00379,0.002966263,0.003372573
334.6072021,0.00442,0.003054429,0.003395524
334.6131606,0.00459,0.00312934,0.003429764
334.6191192,0.0038,0.003193267,0.003474912
334.6250777,0.00313,0.003255983,0.003530327
334.6310363,0.00131,0.003330724,0.003595176
334.6369948,0.00171,0.003429488,0.003668526
334.6429534,0.00263,0.003558944,0.003749411
334.6489119,0.00401,0.003717983,0.003836907
334.6548705,0.00373,0.003897419,0.003930185
334.660829,0.00404,0.004081781,0.004028547
334.6667876,0.0046,0.004252648,0.004131447
334.6727461,0.00542,0.004392748,0.004238487
334.6787047,0.00611,0.004489963,0.00434939
334.6846632,0.00535,0.004540507,0.00446396
334.6906218,0.00498,0.004550682,0.004582021
334.6965803,0.00492,0.004536796,0.004703349
334.7025389,0.0053,0.004523063,0.004827603
334.7084974,0.00445,0.004537601,0.004954261
334.714456,0.00225,0.00460709,0.005082573
334.7204145,0.00243,0.004751023,0.005211536
334.7263731,0.00285,0.004976802,0.005339893
334.7323316,0.00321,0.005276932,0.005466165
334.7382902,0.00531,0.005629203,0.005588707
334.7442487,0.00713,0.006000078,0.005705789
334.7502073,0.00653,0.006350698,0.005815689
334.7561658,0.00837,0.006644156,0.005916788
334.7621244,0.01062,0.006852353,0.006007657
334.7680829,0.00931,0.006960832,0.006087132
334.7740415,0.00844,0.006970555,0.006154356
334.78,0.00723,0.006896488,0.006208793
334.7859585,0.00539,0.00676367,0.00625021
334.7919171,0.00554,0.006602059,0.006278637
334.7978756,0.00602,0.006441418,0.006294295
334.8038342,0.00584,0.006307193,0.006297527
334.8097927,0.00588,0.006217671,0.006288718
334.8157513,0.00617,0.006182281,0.006268235
334.8217098,0.00548,0.006200758,0.006236379
334.8276684,0.00551,0.006263121,0.006193373
334.8336269,0.00247,0.006350749,0.00613937
334.8395855,0.0065,0.006438919,0.006074494
334.845544,0.00923,0.006500881,0.005998902
334.8515026,0.00916,0.006512901,0.005912864
334.8574611,0.00817,0.006459059,0.005816842
334.8634197,0.00899,0.006334399,0.005711573
334.8693782,0.0062,0.006145348,0.005598131
334.8753368,0.00523,0.005907251,0.005477977
334.8812953,0.00441,0.005639818,0.005352967
334.8872539,0.00362,0.005362049,0.005225352
334.8932124,0.00505,0.005088248,0.005097726
334.899171,0.00522,0.004826261,0.00497296
334.9051295,0.00446,0.004578217,0.004854106
334.9110881,0.00345,0.004343148,0.00474429
334.9170466,0.00626,0.004120329,0.004646577
334.9230052,0.00419,0.003912096,0.00456385
334.9289637,0.00412,0.003725209,0.004498671
334.9349223,0.00228,0.003570427,0.004453161
334.9408808,0.00188,0.003460542,0.004428893
334.9468394,0.00175,0.003407552,0.004426794
334.9527979,0.0044,0.003419849,0.004447081
334.9587565,0.00203,0.003500208,0.004489223
334.964715,0.00246,0.003645141,0.004551932
334.9706736,0.00291,0.003845834,0.004633195
334.9766321,0.00305,0.004090421,0.00473034
334.9825907,0.00521,0.004366956,0.004840141
334.9885492,0.00552,0.00466609,0.004958958
334.9945078,0.00806,0.004982376,0.005082906
335.0004663,0.00488,0.005313465,0.005208051
335.0064249,0.00285,0.005657125,0.005330618
335.0123834,0.00398,0.006006932,0.005447199
335.018342,0.00617,0.006348248,0.00555495
335.0243005,0.00758,0.006656348,0.005651761
335.0302591,0.00678,0.006898172,0.005736377
335.0362176,0.00717,0.007038096,0.005808479
335.0421762,0.00944,0.007046671,0.005868681
335.0481347,0.0129,0.006910048,0.005918479
335.0540933,0.01279,0.006637109,0.005960121
335.0600518,0.00811,0.006261708,0.005996424
335.0660104,0.00468,0.005838676,0.006030545
335.0719689,0.00057498,0.005434189,0.006065729
335.0779275,0.00185,0.005112857,0.006105053
335.083886,0.000690182,0.004924999,0.006151185
335.0898446,0.00245,0.004897487,0.006206199
335.0958031,0.00266,0.005030416,0.006271434
335.1017617,0.00293,0.005300035,0.006347438
335.1077202,0.00684,0.005666558,0.006433991
335.1136788,0.00838,0.006084244,0.0065302
335.1196373,0.00974,0.006510753,0.006634664
335.1255959,0.0082,0.0069134,0.006745696
335.1315544,0.00674,0.007271168,0.006861557
335.137513,0.00576,0.007572805,0.006980711
335.1434715,0.00864,0.00781256,0.007102043
335.1494301,0.00952,0.007985727,0.007225038
335.1553886,0.0073,0.008086025,0.007349884
335.1613472,0.00814,0.008106068,0.007477497
335.1673057,0.00831,0.008040952,0.007609461
335.1732642,0.01102,0.007893756,0.007747876
335.1792228,0.01184,0.00768084,0.007895133
335.1851813,0.00999,0.00743465,0.008053633
335.1911399,0.00636,0.007202275,0.008225474
335.1970984,0.00268,0.00703933,0.008412128
335.203057,0.00435,0.007000297,0.008614157
335.2090155,0.00444,0.007127772,0.008830978
335.2149741,0.00161,0.007443607,0.009060708
335.2209326,0.00415,0.007944465,0.009300121
335.2268912,0.00647,0.008602899,0.009544707
335.2328497,0.01121,0.009373302,0.009788852
335.2388083,0.01304,0.010200542,0.010026116
335.2447668,0.01496,0.011028466,0.010249602
335.2507254,0.01233,0.011805909,0.010452378
335.2566839,0.0118,0.012489172,0.01062793
335.2626425,0.01118,0.013041579,0.010770596
335.268601,0.01514,0.013431862,0.010875961
335.2745596,0.01763,0.013633493,0.010941167
335.2805181,0.0173,0.013626376,0.01096512
335.2864767,0.01574,0.013401076,0.010948583
335.2924352,0.01375,0.012964398,0.010894129
335.2983938,0.01612,0.012344112,0.010805984
335.3043523,0.01733,0.011590469,0.010689761
335.3103109,0.01111,0.01077273,0.010552106
335.3162694,0.00831,0.009970377,0.010400302
335.322228,0.0046,0.009260454,0.01024185
335.3281865,0.00281,0.008704018,0.010084065
335.3341451,0.00197,0.008335473,0.009933724
335.3401036,0.00379,0.008157929,0.009796774
335.3460622,0.00665,0.008145973,0.009678135
335.3520207,0.0118,0.008254837,0.009581581
335.3579793,0.01356,0.008432891,0.009509722
335.3639378,0.0121,0.008633562,0.009464053
335.3698964,0.00766,0.00882346,0.009445065
335.3758549,0.00559,0.008985207,0.009452401
335.3818135,0.00679,0.009115512,0.009485018
335.387772,0.01178,0.009220398,0.009541362
335.3937306,0.01248,0.0093099,0.009619514
335.3996891,0.00966,0.00939406,0.009717311
335.4056477,0.0063,0.009481132,0.009832441
335.4116062,0.00703,0.009577926,0.0099625
335.4175648,0.0092,0.00969145,0.010105024
335.4235233,0.01282,0.00983054,0.010257507
335.4294819,0.01271,0.010006097,0.010417418
335.4354404,0.01205,0.010229059,0.010582214
335.441399,0.0075,0.01050632,0.01074938
335.4473575,0.00495,0.010836029,0.010916477
335.4533161,0.00556,0.011204503,0.011081221
335.4592746,0.0097,0.011586694,0.011241578
335.4652332,0.01749,0.011950702,0.011395865
335.4711917,0.02144,0.012264963,0.011542858
335.4771503,0.01712,0.012505369,0.011681884
335.4831088,0.01157,0.012659621,0.011812887
335.4890674,0.00681,0.012727492,0.011936462
335.4950259,0.00925,0.012717693,0.012053841
335.5009845,0.01494,0.012643487,0.012166828
335.506943,0.01753,0.012519477,0.012277694
335.5129016,0.015,0.012360985,0.012389018
335.5188601,0.00983,0.012185863,0.012503515
335.5248187,0.00889,0.012017197,0.012623833
335.5307772,0.01131,0.011884732,0.012752368
335.5367358,0.01549,0.011823178,0.012891092
335.5426943,0.01391,0.011866752,0.013041426
335.5486528,0.00984,0.012040932,0.013204161
335.5546114,0.00383,0.012353974,0.013379446
335.5605699,0.00339,0.012791524,0.013566831
335.5665285,0.00959,0.013317022,0.013765373
335.572487,0.01852,0.013878622,0.013973785
335.5784456,0.02375,0.014420682,0.014190617
335.5844041,0.02525,0.014895907,0.014414441
335.5903627,0.01744,0.015273969,0.014644031
335.5963212,0.00949,0.015544182,0.014878509
335.6022798,0.00697,0.015712591,0.015117446
335.6082383,0.01466,0.015796123,0.015360901
335.6141969,0.02317,0.015817137,0.015609412
335.6201554,0.0229,0.01580051,0.015863917
335.626114,0.01656,0.015773413,0.016125643
335.6320725,0.00994,0.015766118,0.016395955
335.6380311,0.01079,0.015811692,0.016676199
335.6439896,0.01622,0.015943067,0.016967556
335.6499482,0.01863,0.016187425,0.017270912
335.6559067,0.01826,0.016559338,0.01758678
335.6618653,0.01262,0.017055044,0.017915261
335.6678238,0.00753,0.017650386,0.018256053
335.6737824,0.01107,0.018303936,0.018608509
335.6797409,0.02392,0.018965048,0.018971725
335.6856995,0.03251,0.019584572,0.019344646
335.691658,0.03146,0.020124773,0.019726179
335.6976166,0.02151,0.020565413,0.020115293
335.7035751,0.01074,0.020904808,0.020511097
335.7095337,0.01146,0.021157108,0.020912898
335.7154922,0.02051,0.021348328,0.021320216
335.7214508,0.0312,0.021513214,0.021732785
335.7274093,0.03186,0.021693033,0.022150535
335.7333679,0.02415,0.021932473,0.02257356
335.7393264,0.01373,0.022273447,0.023002099
335.745285,0.01142,0.022745305,0.023436512
335.7512435,0.01831,0.0233538,0.023877285
335.7572021,0.02302,0.02407339,0.024325023
335.7631606,0.02679,0.024847573,0.024780468
335.7691192,0.02534,0.025599449,0.025244486
335.7750777,0.02552,0.026250718,0.025718046
335.7810363,0.03478,0.02674343,0.026202163
335.7869948,0.04361,0.027057106,0.026697799
335.7929534,0.03824,0.027215216,0.027205728
335.7989119,0.02258,0.027279003,0.027726374
335.8048705,0.01221,0.027331667,0.028259629
335.810829,0.01161,0.027459414,0.028804694
335.8167876,0.02393,0.027736162,0.029359955
335.8227461,0.03378,0.028215506,0.029922918
335.8287047,0.04182,0.028928872,0.030490251
335.8346632,0.03555,0.029885294,0.031057906
335.8406218,0.02216,0.031068286,0.031621352
335.8465803,0.01474,0.032428879,0.032175885
335.8525389,0.02099,0.033878881,0.032716987
335.8584974,0.03557,0.03529154,0.033240703
335.864456,0.04692,0.03651571,0.03374397
335.8704145,0.04727,0.037404273,0.034224866
335.8763731,0.05006,0.03785041,0.034682746
335.8823316,0.05475,0.037820044,0.035118225
335.8882902,0.05576,0.037368248,0.035533018
335.8942487,0.04294,0.036632474,0.035929657
335.9002073,0.02267,0.035803966,0.036311114
335.9061658,0.01075,0.035086844,0.036680397
335.9121244,0.01315,0.034658245,0.037040173
335.9180829,0.02629,0.034640652,0.037392483
335.9240415,0.04383,0.035090513,0.037738601
335.93,0.05317,0.03599947,0.038079068
335.9359585,0.04159,0.037300308,0.038413902
335.9419171,0.02595,0.03887164,0.038742964
335.9478756,0.01801,0.040541666,0.039066422
335.9538342,0.0263,0.042097781,0.039385252
335.9597927,0.04369,0.043310231,0.039701676
335.9657513,0.06816,0.043972573,0.040019475
335.9717098,0.08252,0.043951692,0.040344091
335.9776684,0.07933,0.043231448,0.040682495
335.9836269,0.05667,0.041932271,0.041042795
335.9895855,0.03074,0.040296323,0.041433632
335.995544,0.01028,0.038640971,0.041863415
336.0015026,0.008,0.03729563,0.042339493
336.0074611,0.01441,0.03654203,0.042867375
336.0134197,0.02981,0.036573398,0.043450088
336.0193782,0.04545,0.037476901,0.04408778
336.0253368,0.05287,0.039232984,0.044777609
336.0312953,0.04175,0.041721124,0.04551396
336.0372539,0.02203,0.044726058,0.046288933
336.0432124,0.0153,0.047947902,0.047093075
336.049171,0.03021,0.051026613,0.047916224
336.0551295,0.06339,0.053589844,0.048748381
336.0610881,0.09976,0.055322691,0.049580483
336.0670466,0.12024,0.056043445,0.050404992
336.0730052,0.10278,0.055759954,0.051216225
336.0789637,0.05877,0.054683159,0.052010423
336.0849223,0.02364,0.053188157,0.052785563
336.0908808,0.01303,0.051732321,0.053540984
336.0968394,0.01619,0.050755037,0.054276907
336.1027979,0.03213,0.050587527,0.054993951
336.1087565,0.05013,0.051393414,0.055692734
336.114715,0.0644,0.053146974,0.056373617
336.1206736,0.06222,0.055644591,0.057036648
336.1266321,0.04323,0.058540805,0.057681674
336.1325907,0.03202,0.06140286,0.058308594
336.1385492,0.04944,0.063781156,0.058917685
336.1445078,0.09289,0.065291872,0.059509907
336.1504663,0.12786,0.065700789,0.060087118
336.1564249,0.13037,0.06498847,0.060652131
336.1623834,0.09414,0.063373798,0.061208596
336.168342,0.04535,0.061280526,0.061760697
336.1743005,0.01538,0.059248826,0.062312729
336.1802591,0.0092,0.057813384,0.062868613
336.1862176,0.01643,0.057381956,0.063431438
336.1921762,0.03509,0.058147556,0.064003118
336.1981347,0.06243,0.060054489,0.064584217
336.2040933,0.08065,0.062820443,0.065173986
336.2100518,0.07673,0.066002073,0.065770602
336.2160104,0.06198,0.069085129,0.066371566
336.2219689,0.06214,0.071581389,0.0669742
336.2279275,0.08783,0.073118789,0.067576147
336.233886,0.11695,0.073513429,0.068175807
336.2398446,0.12293,0.072811642,0.068772622
336.2458031,0.10243,0.071290044,0.069367195
336.2517617,0.06781,0.069405894,0.06996121
336.2577202,0.03789,0.067701213,0.070557199
336.2636788,0.01612,0.066679053,0.071158208
336.2696373,0.01616,0.066682622,0.071767411
336.2755959,0.03455,0.067811081,0.072387765
336.2815544,0.06267,0.069897013,0.073021744
336.287513,0.08811,0.072552561,0.073671198
336.2934715,0.09886,0.075270889,0.07433733
336.2994301,0.10165,0.077554399,0.075020801
336.3053886,0.10626,0.079035668,0.07572189
336.3113472,0.10944,0.079561611,0.076440697
336.3173057,0.09344,0.079222827,0.077177317
336.3232642,0.07374,0.078324009,0.07793196
336.3292228,0.06797,0.077304128,0.078704984
336.3351813,0.07113,0.076625185,0.079496848
336.3411399,0.05523,0.076654931,0.08030799
336.3470984,0.03411,0.077571571,0.081138657
336.353057,0.03432,0.079315686,0.081988717
336.3590155,0.06324,0.081605163,0.082857487
336.3649741,0.10121,0.084013282,0.083743608
336.3709326,0.12949,0.086091447,0.08464497
336.3768912,0.13995,0.087502519,0.08555872
336.3828497,0.13406,0.088124566,0.086481327
336.3888083,0.10677,0.088091673,0.087408718
336.3947668,0.06725,0.087756874,0.088336472
336.4007254,0.04123,0.087586118,0.089260043
336.4066839,0.05162,0.088013486,0.090175011
336.4126425,0.07212,0.089299956,0.091077339
336.418601,0.08201,0.091437978,0.091963599
336.4245596,0.06743,0.094132547,0.092831168
336.4305181,0.06939,0.096869455,0.093678351
336.4364767,0.1074,0.099057235,0.094504422
336.4424352,0.16625,0.100206304,0.095309574
336.4483938,0.19998,0.100093302,0.09609477
336.4543523,0.17124,0.098857097,0.096861521
336.4603109,0.09811,0.09698864,0.097611613
336.4662694,0.03873,0.095207809,0.098346812
336.472228,0.01587,0.094257382,0.099068602
336.4781865,0.02507,0.094674543,0.099777981
336.4841451,0.04785,0.096612171,0.10047535
336.4901036,0.07722,0.099770247,0.101160503
336.4960622,0.10406,0.103465267,0.101832707
336.5020207,0.12981,0.106822727,0.102490863
336.5079793,0.17153,0.109038078,0.103133704
336.5139378,0.21074,0.109627338,0.103759988
336.5198964,0.20675,0.108587831,0.104368677
336.5258549,0.13578,0.106413829,0.104959046
336.5318135,0.05543,0.103955258,0.10553074
336.537772,0.01595,0.102157802,0.10608377
336.5437306,0.01221,0.101763608,0.106618463
336.5496891,0.022,0.103068919,0.107135388
336.5556477,0.04848,0.105820525,0.107635278
336.5616062,0.10223,0.109289775,0.108118945
336.5675648,0.1756,0.112504404,0.10858721
336.5735233,0.23236,0.114564347,0.109040827
336.5794819,0.23713,0.114937303,0.109480404
336.5854404,0.18322,0.113634714,0.109906306
336.591399,0.10311,0.111208198,0.110318545
336.5973575,0.04495,0.108567237,0.110716658
336.6033161,0.01698,0.106679794,0.111099598
336.6092746,0.01763,0.106257183,0.111465661
336.6152332,0.03104,0.107529011,0.11181245
336.6211917,0.06681,0.110181815,0.112136934
336.6271503,0.13244,0.113477859,0.112435557
336.6331088,0.20136,0.116508503,0.112704435
336.6390674,0.23856,0.118491878,0.112939582
336.6450259,0.21421,0.11901263,0.11313716
336.6509845,0.14474,0.118126179,0.113293699
336.656943,0.0736,0.116301038,0.113406262
336.6629016,0.03734,0.11423067,0.113472535
336.6688601,0.0378,0.112589292,0.113490824
336.6748187,0.06568,0.111819042,0.113459971
336.6807772,0.10274,0.112016527,0.113379203
336.6867358,0.13237,0.1129453,0.113247947
336.6926943,0.14117,0.114154862,0.113065627
336.6986528,0.14911,0.115153433,0.112831489
336.7046114,0.15913,0.115571121,0.11254446
336.7105699,0.15256,0.115262256,0.112203075
336.7165285,0.11043,0.114322706,0.111805453
336.722487,0.0765,0.113028431,0.111349354
336.7284456,0.08148,0.11172493,0.110832285
336.7344041,0.10221,0.110707811,0.110251671
336.7403627,0.10688,0.11013181,0.109605078
336.7463212,0.09059,0.10997257,0.108890483
336.7522798,0.09269,0.110047566,0.108106592
336.7582383,0.11829,0.110084934,0.107253199
336.7641969,0.14331,0.109815688,0.106331587
336.7701554,0.14796,0.109058973,0.105344963
336.776114,0.13539,0.107773158,0.104298916
336.7820725,0.11369,0.106057422,0.103201884
336.7880311,0.08541,0.104105732,0.102065619
336.7939896,0.06456,0.102132077,0.100905616
336.7999482,0.06549,0.100295839,0.099741489
336.8059067,0.08769,0.098654728,0.098597244
336.8118653,0.10859,0.097160192,0.097501435
336.8178238,0.12306,0.09569223,0.096487139
336.8237824,0.12451,0.094115236,0.095591735
336.8297409,0.1099,0.092330954,0.094856443
336.8356995,0.08209,0.090310347,0.094325608
336.841658,0.06,0.088099237,0.094045748
336.8476166,0.06606,0.085805376,0.094064377
336.8535751,0.08978,0.083580675,0.094428676
336.8595337,0.10055,0.081609577,0.095184099
336.8654922,0.09441,0.080105953,0.09637304
336.8714508,0.07075,0.079312325,0.09803369
336.8774093,0.05657,0.079491397,0.100199248
336.8833679,0.05482,0.08090258,0.102897605
336.8893264,0.06331,0.083763128,0.106151624
336.895285,0.0738,0.088201192,0.109980086
336.9012435,0.07525,0.094212967,0.114399278
336.9072021,0.07325,0.101636977,0.119425182
336.9131606,0.08282,0.110155412,0.125076085
336.9191192,0.11393,0.119326705,0.131375392
336.9250777,0.14818,0.128646539,0.138354342
336.9310363,0.16903,0.137627861,0.146054291
336.9369948,0.17185,0.145885561,0.154528193
336.9429534,0.16482,0.153209534,0.163840934
336.9489119,0.17045,0.159611486,0.174068227
336.9548705,0.18669,0.165335864,0.185293839
336.960829,0.19367,0.170832939,0.197605031
336.9667876,0.16804,0.176700559,0.211086258
336.9727461,0.13385,0.183608612,0.225811279
336.9787047,0.13798,0.19222445,0.241834008
336.9846632,0.17784,0.203156775,0.259178587
336.9906218,0.20578,0.216929303,0.277829286
336.9965803,0.202,0.233985124,0.297720927
337.0025389,0.20766,0.254710926,0.318730604
337.0084974,0.2465,0.279460765,0.340671471
337.014456,0.28959,0.308554988,0.36328931
337.0204145,0.30406,0.342233499,0.386262504
337.0263731,0.31234,0.380554445,0.409205827
337.0323316,0.35425,0.423248161,0.43167828
337.0382902,0.41636,0.469558177,0.453194915
337.0442487,0.46615,0.51811925,0.473242292
337.0502073,0.51753,0.566928361,0.491296967
337.0561658,0.59377,0.613450984,0.506846102
337.0621244,0.71268,0.654870664,0.51940913
337.0680829,0.87207,0.688443382,0.528559234
337.0740415,0.99998,0.711876479,0.533943374
337.08,1,0.723634324,0.53529962
337.0859585,0.8688,0.723090716,0.532470728
337.0919171,0.71318,0.710497297,0.525413066
337.0978756,0.66326,0.686798404,0.514200329
337.1038342,0.70726,0.653370023,0.499021798
337.1097927,0.72,0.61177463,0.480175241
337.1157513,0.64978,0.563601268,0.45805488
337.1217098,0.52099,0.510414456,0.433135182
337.1276684,0.44674,0.453787774,0.405951407
337.1336269,0.43024,0.395367226,0.377078084
337.1395855,0.39286,0.336904709,0.3471066
337.145544,0.26898,0.280220931,0.316623142
337.1515026,0.12576,0.227089691,0.286188116
337.1574611,0.03605,0.179068608,0.256318031
337.1634197,0.01343,0.137323609,0.227470626
337.1693782,0.00807,0.102498867,0.20003379
337.1753368,0.00738,0.074670104,0.174318519
337.1812953,0.00801,0.053393246,0.150555951
337.1872539,0.00827,0.037832443,0.128898226
337.1932124,0.01155,0.026931513,0.109422728
337.199171,0.01153,0.019586635,0.092139117
337.2051295,0.01305,0.014785556,0.076998429
337.2110881,0.01308,0.011694277,0.063903508
337.2170466,0.00797,0.009689342,0.052720014
337.2230052,0.00565,0.008346722,0.043287347
337.2289637,0.00527,0.007404347,0.035428898
337.2349223,0.00443,0.00671515,0.028961208
337.2408808,0.00338,0.006203285,0.023701711
337.2468394,0.00529,0.005830496,0.019474919
337.2527979,0.00625,0.005574565,0.016117026
337.2587565,0.00339,0.005418196,0.013478988
337.264715,0.00498,0.005345009,0.011428271
337.2706736,0.00577,0.005339102,0.009849456
337.2766321,0.00622,0.005385426,0.008643952
337.2825907,0.00498,0.005469486,0.007729053
337.2885492,0.00468,0.005576137,0.007036568
337.2945078,0.0041,0.005688161,0.006511196
337.3004663,0.00542,0.005785691,0.006108828
337.3064249,0.00585,0.005847305,0.00579487
337.3123834,0.00877,0.005852934,0.00554267
337.318342,0.00769,0.005787928,0.005332103
337.3243005,0.00766,0.005646922,0.00514833
337.3302591,0.00713,0.005436068,0.00498073
337.3362176,0.00532,0.005172557,0.004822007
337.3421762,0.00424,0.004881251,0.004667444
337.3481347,0.00341,0.004589197,0.004514293
337.3540933,0.00288,0.004319549,0.004361283
337.3600518,0.00268,0.004086664,0.004208221
337.3660104,0.00185,0.00389378,0.004055678
337.3719689,0.00272,0.003733861,0.00390474
337.3779275,0.00467,0.003593155,0.003756819
337.383886,0.00719,0.00345619,0.003613503
337.3898446,0.00439,0.003310555,0.003476446
337.3958031,0.00304,0.00315008,0.003347279
337.4017617,0.00177,0.002975748,0.00322754
337.4077202,0.00137,0.002794528,0.003118618
337.4136788,0.0031,0.002616928,0.003021694
337.4196373,0.00263,0.002454309,0.002937703
337.4255959,0.00281,0.002316712,0.002867281
337.4315544,0.000604809,0.002211624,0.002810729
337.437513,0.00177,0.002143658,0.002767982
337.4434715,0.00227,0.00211493,0.002738588
337.4494301,0,0.002125828,0.002721707
337.4553886,0.00248,0.002175822,0.002716124
337.4613472,0.00344,0.002263939,0.002720293
337.4673057,0.00273,0.00238858,0.002732398
337.4732642,0.00113,0.002546521,0.002750435
337.4792228,0.00211,0.002731312,0.002772312
337.4851813,0.0022,0.002931684,0.002795961
337.4911399,0.00184,0.003130845,0.002819449
337.4970984,0.00373,0.003307462,0.002841077
337.503057,0.00391,0.003438624,0.002859476
337.5090155,0.00543,0.003504333,0.002873658
337.5149741,0.00761,0.00349236,0.002883054
337.5209326,0.00502,0.003401985,0.002887504
337.5268912,0.0036,0.003245333,0.002887224
337.5328497,0.00291,0.003045758,0.002882732
337.5388083,0.00134,0.002833602,0.002874763
337.5447668,0.00165,0.002640446,0.002864158
337.5507254,0.00137,0.002493314,0.002851759
337.5566839,0.000332233,0.002410158,0.002838314
337.5626425,0.00161,0.00239743,0.002824386
337.568601,0.00145,0.00244998,0.002810306
337.5745596,0.00295,0.002552933,0.002796137
337.5805181,0.00355,0.002684969,0.002781682
337.5864767,0.00154,0.002822279,0.002766511
337.5924352,0.00296,0.002942523,0.002750007
337.5983938,0.00533,0.003028188,0.002731436
337.6043523,0.00479,0.00306882,0.00271001
337.6103109,0.00493,0.0030618,0.002684955
337.6162694,0.00175,0.003011597,0.002655565
337.622228,0.00248,0.002927797,0.002621239
337.6281865,0.00267,0.002822498,0.00258151
337.6341451,0.0024,0.002707819,0.002536045
337.6401036,0.00224,0.002594089,0.002484638
337.6460622,0.00269,0.002488977,0.002427195
337.6520207,0.00233,0.002397377,0.002363708
337.6579793,0.00297,0.002321664,0.002294238
337.6639378,0.00189,0.00226188,0.002218894
337.6698964,0.00104,0.002215679,0.00213783
337.6758549,0.00197,0.00217813,0.002051246
337.6818135,0.00145,0.002141736,0.001959401
337.687772,0.00334,0.00209701,0.001862628
337.6937306,0.00206,0.002033774,0.001761361
337.6996891,0.00243,0.001943027,0.001656153
337.7056477,0.00279,0.001818949,0.001547688
337.7116062,0.00254,0.001660473,0.001436792
337.7175648,0.00195,0.001471928,0.001324425
337.7235233,0.00215,0.001262502,0.001211662
