303.31567,0.00166
303.34548,0.00149
303.37529,9.38E-04
303.4051,4.94E-04
303.43491,0
303.46471,0.00174
303.49442,0.00236
303.52423,8.09E-04
303.55404,6.84E-04
303.58385,0.00147
303.61355,0.00319
303.64336,0.00226
303.67317,0.00184
303.70298,0.0016
303.73269,0.00126
303.7625,0.00163
303.79231,7.81E-04
303.82201,0.00114
303.85182,5.66E-04
303.88163,5.54E-04
303.91134,4.72E-04
303.94115,0.00185
303.97085,0.00376
304.00066,0.00423
304.03047,0.00441
304.06018,0.00439
304.08999,0.00342
304.11969,0.00209
304.1495,0.00229
304.17921,0.00146
304.20902,1.74E-04
304.23873,2.14E-04
304.26853,5.54E-04
304.29824,0.00179
304.32805,0.00162
304.35776,0.00324
304.38747,0.00478
304.41727,0.00292
304.44698,0.00221
304.47679,3.50E-04
304.5065,2.12E-04
304.53621,9.64E-04
304.56601,0.00122
304.59572,3.47E-04
304.62543,7.62E-04
304.65524,0.00104
304.68495,0.00196
304.71465,0.00271
304.74436,0.00349
304.77417,0.0048
304.80388,0.00849
304.83358,0.0072
304.86329,0.00264
304.8931,0.00109
304.92281,0.00354
304.95252,0.00397
304.98222,0.00361
305.01193,0.00298
305.04164,0.00197
305.07145,0.00126
305.10115,0.0012
305.13086,5.98E-04
305.16057,0.00102
305.19028,0.00138
305.21998,0.00688
305.24969,0.01196
305.2794,0.01098
305.30911,0.00487
305.33881,0.00213
305.36852,0.00127
305.39823,0.00116
305.42794,0.00147
305.45764,0.00148
305.48735,0.00229
305.51706,0.00212
305.54677,0.0017
305.57647,0.00182
305.60618,0.00279
305.63589,0.00363
305.6655,0.00683
305.6952,0.01357
305.72491,0.01536
305.75462,0.01375
305.78433,0.0062
305.81403,0.00436
305.84364,0.00463
305.87335,0.00469
305.90306,0.0045
305.93276,0.00356
305.96237,0.00318
305.99208,0.00371
306.02178,0.00448
306.05149,0.00485
306.0811,0.00591
306.11081,0.00694
306.14051,0.00946
306.17012,0.01402
306.19983,0.02116
306.22943,0.02545
306.25914,0.04259
306.28885,0.10804
306.31846,0.17946
306.34816,0.21339
306.37777,0.17946
306.40748,0.15
306.43708,0.14643
306.46679,0.14643
306.4965,0.11071
306.5261,0.11607
306.55571,0.15179
306.58542,0.13482
306.61503,0.09375
306.64473,0.11429
306.67434,0.18036
306.70405,0.23482
306.73365,0.23214
306.76326,0.22143
306.79297,0.23839
306.82257,0.26071
306.85228,0.23393
306.88189,0.16071
306.91149,0.13214
306.9412,0.16071
306.97081,0.24375
307.00041,0.26964
307.03002,0.1875
307.05973,0.09911
307.08934,0.07714
307.11894,0.12054
307.14855,0.21964
307.17815,0.25536
307.20786,0.16429
307.23747,0.08286
307.26707,0.05509
307.29668,0.03982
307.32629,0.03446
307.35589,0.0642
307.3856,0.09732
307.41521,0.09911
307.44481,0.07679
307.47442,0.0725
307.50403,0.06357
307.53363,0.03679
307.56324,0.02563
307.59285,0.02991
307.62245,0.07009
307.65206,0.11429
307.68167,0.1125
307.71127,0.07911
307.74088,0.12768
307.77049,0.31696
307.80009,0.45357
307.8297,0.3625
307.8592,0.1625
307.88881,0.12143
307.91842,0.3
307.94802,0.51875
307.97763,0.50179
308.00724,0.27679
308.03674,0.14554
308.06635,0.27321
308.09596,0.62679
308.12556,0.75
308.15517,0.50179
308.18467,0.20089
308.21428,0.10714
308.24389,0.19464
308.27339,0.37679
308.303,0.40179
308.33261,0.25268
308.36221,0.14554
308.39172,0.10714
308.42132,0.12768
308.45083,0.27054
308.48044,0.3625
308.51004,0.28214
308.53955,0.18571
308.56915,0.27857
308.59866,0.37054
308.62827,0.31786
308.65777,0.24643
308.68738,0.27946
308.71688,0.24464
308.74649,0.12589
308.77599,0.06357
308.8056,0.0542
308.83511,0.07125
308.86471,0.12232
308.89422,0.32768
308.92383,0.75357
308.95333,1
308.98284,0.94643
309.01244,0.74375
309.04195,0.61786
309.07145,0.64911
309.10106,0.62946
309.13057,0.37232
309.16007,0.21429
309.18968,0.26786
309.21918,0.35089
309.24869,0.31607
309.27819,0.22143
309.3077,0.20714
309.33731,0.22232
309.36681,0.19464
309.39632,0.19732
309.42582,0.21875
309.45533,0.21429
309.48493,0.20268
309.51444,0.225
309.54394,0.35179
309.57345,0.54732
309.60296,0.59464
309.63246,0.425
309.66197,0.23661
309.69147,0.11339
309.72098,0.06063
309.75048,0.05375
309.77999,0.08643
309.80949,0.14464
309.839,0.17411
309.8685,0.23661
309.89801,0.40446
309.92752,0.46786
309.95702,0.29554
309.98653,0.12143
310.01603,0.0708
310.04554,0.13661
310.07494,0.25
310.10445,0.27143
310.13395,0.20893
310.16346,0.20446
310.19296,0.22054
310.22247,0.18661
310.25187,0.18214
310.28138,0.27589
310.31088,0.29107
310.34039,0.17768
310.36979,0.07946
310.3993,0.0508
310.4288,0.0442
310.45821,0.03982
310.48771,0.06866
310.51722,0.13214
310.54662,0.20804
310.57613,0.24821
310.60563,0.26339
310.63504,0.22411
310.66454,0.17411
310.69395,0.20536
310.72345,0.25536
310.75286,0.19821
310.78236,0.08643
310.81177,0.04241
310.84127,0.03741
310.87068,0.07205
310.90018,0.09464
310.92959,0.08768
310.95909,0.09107
310.9885,0.10714
311.018,0.09375
311.04741,0.05795
311.07681,0.03554
311.10632,0.04571
311.13572,0.12857
311.16513,0.26786
311.19463,0.31518
311.22404,0.19464
311.25344,0.11161
311.28295,0.11161
311.31235,0.10179
311.34175,0.07161
311.37116,0.04241
311.40066,0.05375
311.43007,0.08813
311.45947,0.09107
311.48888,0.05964
311.51828,0.03277
311.54779,0.02848
311.57719,0.02741
311.6066,0.03214
311.636,0.06
311.66541,0.13125
311.69481,0.18304
311.72421,0.20714
311.75362,0.19911
311.78302,0.14732
311.81243,0.06991
311.84183,0.03464
311.87124,0.02875
311.90064,0.04893
311.93004,0.07357
311.95945,0.07161
311.98885,0.05473
312.01826,0.04839
312.04766,0.04214
312.07707,0.03143
312.10647,0.03938
312.13588,0.06304
312.16518,0.09643
312.19458,0.15893
312.22399,0.2
312.25339,0.17232
312.2828,0.09286
312.3121,0.07384
312.3415,0.10268
312.37091,0.12679
312.40031,0.10804
312.42962,0.09286
312.45902,0.1125
312.48842,0.11339
312.51773,0.07768
312.54713,0.04438
312.57654,0.03938
312.60584,0.06134
312.63524,0.08223
312.66465,0.08214
312.69395,0.07063
312.72336,0.08527
312.75266,0.11786
312.78206,0.15089
312.81137,0.15268
312.84077,0.11071
312.87008,0.06134
312.89948,0.04295
312.92878,0.0442
312.95819,0.0667
312.98749,0.11161
313.0169,0.13839
313.0462,0.11071
313.0755,0.06536
313.10491,0.04509
313.13421,0.04893
313.16361,0.04598
313.19292,0.04054
313.22222,0.03804
313.25163,0.04143
313.28093,0.06161
313.31023,0.07089
313.33954,0.06821
313.36894,0.08402
313.39824,0.14018
313.42755,0.16786
313.45685,0.14464
313.48615,0.09196
313.51556,0.0642
313.54486,0.07223
313.57416,0.11696
313.60347,0.15714
313.63277,0.17054
313.66207,0.15179
313.69138,0.12143
313.72068,0.11518
313.74998,0.15536
313.77939,0.15804
313.80869,0.09464
313.838,0.04938
313.8673,0.05902
313.8966,0.07589
313.9258,0.09286
313.95511,0.09821
313.98441,0.08786
314.01371,0.07295
314.04302,0.07732
314.07232,0.07661
314.10162,0.05054
314.13093,0.0533
314.16023,0.0842
314.18943,0.10089
314.21874,0.10089
314.24804,0.11071
314.27734,0.08929
314.30665,0.07009
314.33585,0.06714
314.36515,0.08295
314.39446,0.09196
314.42376,0.07277
314.45296,0.04464
314.48226,0.04107
314.51157,0.06143
314.54077,0.06875
314.57007,0.06045
314.59938,0.09107
314.62858,0.16429
314.65788,0.23036
314.68708,0.275
314.71639,0.25714
314.74559,0.18214
314.77489,0.09375
314.8041,0.07616
314.8334,0.0725
314.8626,0.04955
314.89191,0.03304
314.92111,0.05616
314.95041,0.11518
314.97961,0.15
315.00892,0.13393
315.03812,0.09375
315.06732,0.07518
315.09662,0.07036
315.12583,0.05241
315.15503,0.06143
315.18433,0.11429
315.21353,0.15714
315.24274,0.15446
315.27204,0.13482
315.30124,0.10357
315.33044,0.07188
315.35965,0.04723
315.38885,0.05313
315.41815,0.08652
315.44735,0.09464
315.47656,0.0683
315.50576,0.03893
315.53496,0.03375
315.56416,0.05616
315.59347,0.0858
315.62267,0.09464
315.65187,0.0883
315.68107,0.09464
315.71028,0.11696
315.73948,0.12857
315.76868,0.12321
315.79788,0.11696
315.82709,0.13214
315.85629,0.12411
315.88549,0.09732
315.91469,0.08384
315.94389,0.08375
315.973,0.0883
316.0022,0.0825
316.0314,0.06366
316.0606,0.05634
316.08981,0.04884
316.11901,0.03241
316.14811,0.04134
316.17731,0.04438
316.20651,0.03696
316.23572,0.02652
316.26492,0.03232
316.29402,0.04464
316.32322,0.0458
316.35242,0.03196
316.38153,0.03964
316.41073,0.07098
316.43993,0.09018
316.46903,0.085
316.49823,0.06054
316.52744,0.03607
316.55654,0.01991
316.58574,0.02616
316.61484,0.03768
316.64404,0.0375
316.67314,0.03911
316.70235,0.03911
316.73145,0.0325
316.76065,0.01482
316.78975,0.01116
316.81895,0.02223
316.84805,0.05036
316.87726,0.07759
316.90636,0.08777
316.93546,0.08223
316.96466,0.07214
316.99376,0.04125
317.02286,0.01821
317.05207,0.00831
317.08117,0.00526
317.11027,0.00482
317.13947,0.00535
317.16857,0.00468
317.19767,0.00667
317.22678,0.01027
317.25598,0.02732
317.28508,0.04786
317.31418,0.04518
317.34328,0.02821
317.37238,0.02393
317.40148,0.04616
317.43069,0.06848
317.45979,0.08277
317.48889,0.07616
317.51799,0.0633
317.54709,0.03607
317.57619,0.01696
317.60529,0.00636
317.63439,0.0048
317.6635,0.00633
317.6926,0.01241
317.7217,0.02777
317.7508,0.04223
317.7799,0.04071
317.809,0.0283
317.8381,0.01643
317.8671,0.00767
317.8962,0.00454
317.92531,0.00742
317.95441,0.01679
317.98351,0.02616
318.01261,0.03143
318.04161,0.02929
318.07071,0.02205
318.09981,0.02688
318.12891,0.04473
318.15791,0.04571
318.18702,0.02955
318.21612,0.01536
318.24512,0.01875
318.27422,0.0308
318.30332,0.03723
318.33232,0.03911
318.36142,0.04063
318.39052,0.03786
318.41952,0.02571
318.44862,0.01768
318.47762,0.01804
318.50672,0.02018
318.53572,0.0267
318.56483,0.04759
318.59383,0.06741
318.62293,0.05795
318.65193,0.03304
318.68103,0.01982
318.71003,0.0158
318.73903,0.0175
318.76813,0.02455
318.79713,0.02884
318.82623,0.02554
318.85523,0.01518
318.88423,0.01455
318.91323,0.01723
318.94233,0.01812
318.97133,0.01509
319.00033,0.01411
319.02944,0.02116
319.05844,0.03196
319.08744,0.03232
319.11644,0.02563
319.14544,0.02884
319.17444,0.03679
319.20354,0.0367
319.23254,0.03563
319.26154,0.04438
319.29054,0.04179
319.31954,0.03143
319.34854,0.01804
319.37754,0.01366
319.40654,0.01232
319.43554,0.02054
319.46454,0.03473
319.49354,0.04259
319.52254,0.03518
319.55154,0.02982
319.58054,0.02813
319.60954,0.02214
319.63854,0.01196
319.66754,0.00709
319.69654,0.00955
319.72544,0.01991
319.75444,0.02205
319.78344,0.01402
319.81244,0.00863
319.84144,0.01107
319.87034,0.02321
319.89934,0.04134
319.92834,0.04759
319.95734,0.0333
319.98624,0.02063
320.01524,0.02277
320.04424,0.03536
320.07314,0.03973
320.10214,0.03768
320.13104,0.03214
320.16004,0.02973
320.18904,0.0258
320.21794,0.03339
320.24694,0.04054
320.27584,0.03429
320.30484,0.02107
320.33374,0.02563
320.36274,0.04438
320.39164,0.0492
320.42064,0.03214
320.44954,0.01205
320.47854,0.00637
320.50744,0.00401
320.53633,0.00488
320.56533,0.00726
320.59423,0.01625
320.62313,0.02098
320.65213,0.02286
320.68103,0.01696
320.70993,0.00862
320.73893,0.00517
320.76783,0.00541
320.79673,0.01161
320.82563,0.02563
320.85463,0.04
320.88353,0.04304
320.91243,0.04313
320.94133,0.03982
320.97023,0.03339
320.99913,0.03295
321.02802,0.03893
321.05692,0.04982
321.08592,0.03777
321.11482,0.01866
321.14372,0.00797
321.17262,0.00902
321.20152,0.01455
321.23042,0.01973
321.25932,0.03098
321.28822,0.03473
321.31712,0.03911
321.34592,0.04286
321.37481,0.03679
321.40371,0.0292
321.43261,0.02473
321.46151,0.02429
321.49041,0.02098
321.51931,0.01286
321.54811,0.00646
321.57701,0.00358
321.60591,0.00434
321.63481,0.00729
321.6636,0.01107
321.6925,0.01232
321.7214,0.0117
321.7503,0.01545
321.7791,0.02455
321.808,0.02625
321.8368,0.0175
321.8657,0.0073
321.89459,0.00818
321.92339,0.01241
321.95229,0.01116
321.98109,0.01277
322.00999,0.01866
322.03879,0.02375
322.06769,0.02357
322.09648,0.01884
322.12538,0.0225
322.15418,0.02455
322.18308,0.02455
322.21188,0.01723
322.24078,0.01214
322.26958,0.01188
322.29837,0.01723
322.32727,0.02554
322.35607,0.02759
322.38487,0.01938
322.41377,0.01
322.44257,0.00691
322.47137,0.01063
